https://thumbs.gfycat.com/VibrantAdventurousAlbertosaurus-size_restricted.gif,,,,,,,
https://ae01.alicdn.com/kf/HTB1ARJ9X7KWBuNjy1zjq6AOypXaK/Assassin-s-Creed-Origins-Bayek-Protector-of-Egypt-PVC-Figure-Collectible-Model-Toy-31cm.jpg,,,,,,,
https://vignette.wikia.nocookie.net/assassinscreed/images/c/c1/Hidden_One_Bayek.png/revision/latest?cb=20180119064235,,,,,,,
https://cdn3.dualshockers.com/wp-content/uploads/2019/02/Bayek-of-Siwa-Assassins-Creed-Origins-4-ds1-1340x1340.jpg,,,,,,,
https://vignette.wikia.nocookie.net/assassinscreed/images/b/bc/ACO_Bayek_render.png/revision/latest?cb=20170822223116,,,,,,,
https://cdn.gamer-network.net/2017/usgamer/AC-Origins-Hair-Shot-01.jpg,,,,,,,
https://cdna.artstation.com/p/assets/images/images/008/898/820/large/fabien-troncal-aco-bayekcover-01.jpg?1515986320,,,,,,,
https://wallpapersite.com/images/pages/pic_w/7760.jpg,,,,,,,
https://cdn.gamer-network.net/2017/usgamer/AC-Origins-Hair-Shot-03.jpg,,,,,,,
https://i.kinja-img.com/gawker-media/image/upload/s--7s8wK749--/c_scale,f_auto,fl_progressive,q_80,w_800/nvff6rwg3qm6hkbgg0mh.png,,,
https://i.pinimg.com/originals/9c/db/75/9cdb756785b9d73b7bd9fe4ec5cf1b9c.jpg,,,,,,,
https://aa1a5178aef33568e9c4-a77ea51e8d8892c1eb8348eb6b3663f6.ssl.cf5.rackcdn.com/p/full/edc23b39-c8b0-4d82-9db9-d156204885f0.jpg,,,,,,,
https://wallpaperbro.com/img/222978.jpg,,,,,,,
https://www.dualshockers.com/wp-content/uploads/2019/07/Assassins-Creed-Origins-Bayek-Statue-10.jpg,,,,,,,
https://geekireland.com/wp-content/uploads/2017/11/Assassins-Creed-Origins-Bayek.jpg,,,,,,,
http://jstationx.com/wp-content/uploads/2018/07/Assassins-Creed-Odyssey-survey-hint-Bayek-and-Aya.jpg,,,,,,,
https://lookaside.fbsbx.com/lookaside/crawler/media/?media_id=1441936119217985,,,,,,,
https://cdn.ezcosplay.com/media/catalog/product/cache/d86efc38c3706eb13bbb0f0b117091cd/a/s/assassin_s_creed_origins_bayek_cosplay_costume.jpg,,,,,,,
https://www.gamepur.com/files/styles/max_width_770px/public/images/2014/assassins_creed_outfit_guide.jpg?itok=q9q3hyaR,,,,,,,
https://thumbor.forbes.com/thumbor/960x0/https%3A%2F%2Fblogs-images.forbes.com%2Finsertcoin%2Ffiles%2F2018%2F06%2Fodyssey1.jpg,,,,,,,
https://randosity.files.wordpress.com/2018/05/bayek-aco.jpg,,,,,,,
https://66.media.tumblr.com/924d918cb077e440ee1b69944d3817bd/tumblr_pa4az80CDk1v5r7sio1_400.jpg,,,,,,,
https://lookaside.fbsbx.com/lookaside/crawler/media/?media_id=1517974161614180,,,,,,,
https://i.imgur.com/RtjGTwX.jpg,,,,,,,
https://images-wixmp-ed30a86b8c4ca887773594c2.wixmp.com/f/02524722-0613-4c68-b69e-3439198fe41b/dbhptzz-fd5b8efd-96a9-4b88-a9bf-f3eddf149323.png/v1/fill/w_715,h_1117,strp/assassins_creed_origins_bayek_render_png_by_prussiapoland_dbhptzz-pre.png?token=eyJ0eXAiOiJKV1QiLCJhbGciOiJIUzI1NiJ9.eyJzdWIiOiJ1cm46YXBwOjdlMGQxODg5ODIyNjQzNzNhNWYwZDQxNWVhMGQyNmUwIiwiaXNzIjoidXJuOmFwcDo3ZTBkMTg4OTgyMjY0MzczYTVmMGQ0MTVlYTBkMjZlMCIsIm9iaiI6W1t7ImhlaWdodCI6Ijw9MTU2MSIsInBhdGgiOiJcL2ZcLzAyNTI0NzIyLTA2MTMtNGM2OC1iNjllLTM0MzkxOThmZTQxYlwvZGJocHR6ei1mZDViOGVmZC05NmE5LTRiODgtYTliZi1mM2VkZGYxNDkzMjMucG5nIiwid2lkdGgiOiI8PTEwMDAifV1dLCJhdWQiOlsidXJuOnNlcnZpY2U6aW1hZ2Uub3BlcmF0aW9ucyJdfQ.cLPzzgmomNlnqxksqBOaPwakwmtDMGOit2ERiHo2vZw,,,,,
https://i5.walmartimages.com/asr/e50897c3-9b69-4a21-a2e6-a5409f6e187e_1.c9fd9da0112fe6d47c2acb13de464f8f.jpeg?odnHeight=450&odnWidth=450&odnBg=FFFFFF,,,,,,,
https://66.media.tumblr.com/b69375ae080fcfe48204fe44a42388a3/tumblr_p0gkw3jMfS1qlwaf3o1_500.png,,,,,,,
https://i.redd.it/8bxvquan2dvz.jpg,,,,,,,
https://cdn.gamer-network.net/2017/usgamer/AC-Origins-Header-05.jpg/EG11/thumbnail/1920x1080/format/jpg/quality/75/assassins-creed-origins-bayek-and-aya-could-return-on-tv-or-film.jpg,,,,,,,
https://cdn1-www.gamerevolution.com/assets/uploads/2018/10/Bayek-AC-odyssey.jpg,,,,,,,
https://d2skuhm0vrry40.cloudfront.net/2018/articles/2018-10-24-10-58/MRPbaFd.jpg/EG11/resize/690x-1/quality/75/format/jpg,,,,,,,
https://i.pinimg.com/736x/5a/40/84/5a40846b0310598ac63b992c36c8f9c4.jpg,,,,,,,
https://cdna.artstation.com/p/assets/images/images/008/158/620/large/keli-adinugroho-assasincreed-origin.jpg?1510843917,,,,,,,
https://wallpapersite.com/images/pages/pic_w/9627.jpg,,,,,,,
https://i.imgur.com/OTrCqca.jpg,,,,,,,
https://i.ytimg.com/vi/V2Liuzk984w/maxresdefault.jpg,,,,,,,
https://thumbs.videogamer.com/1TvSAcpwsy3Pk--OIKHasRLd-Wk=/320x180/smart/filters:no_upscale()/https://s.videogamer.com/meta/9040/7df718ee-1591-4899-a7de-81e7261e80bd_186735f1-ca04-474c-a456-0b89bc487a43_ACO_screen_Bayek_Aya_Previews_PR_171004_6PM_CET_1507049220.jpg,,,,,,,
https://www.gamepur.com/files/images/tldr/2017/10/Get-Bayeks-Hair-Beard-Back.jpg,,,,,,,
https://partycity6.scene7.com/is/image/PartyCity/_pdp_sq_?$_1000x1000_$&$product=PartyCity/P842698,,,,,,,
https://images.gamewatcherstatic.com/image/file/1/bc/95381/Assassin_s_Creed_Odyssey_20181024115003.jpg,,,,,,,
http://www.tapeciarnia.pl/tapety/normalne/tapeta-bayek-z-sokolem-na-ramieniu.jpg,,,,,,,
https://cdn.ezcosplay.com/media/catalog/product/cache/d86efc38c3706eb13bbb0f0b117091cd/a/s/assassin_s_creed_origins_bayek_of_siwa_cosplay_costume.jpg,,,,,,,
https://get.wallhere.com/photo/Bayek-Assassin's-Creed-Assassin's-creed-Origins-1274877.jpg,,,,,,,
https://store.ubi.com/on/demandware.static/-/Sites-masterCatalog/default/dw06d8a85e/images/large/59c0e32eca1a64a93c38fb76-apparel-4_Assassins_creed_origins_dress_shirt.jpg,,,,,,,
https://assets.rockpapershotgun.com/images/2018/10/assassins-creed-bayek-8.jpg,,,,,,,
https://fsb.zobj.net/crop.php?r=W85EjHA1uobEiZzo4aNMMXe2uV9SDqSxqWeTHR3jRMvHIPc59rDUfMl6j0dYA0xdLozoFQW1Rc69rcL9jHWmIKsY7-Ss_L0X6w7vShry-Ae-JfCUBv3VUXcO-EYx9TNGMmDx6D2sUC1ynQBAiXpVK7EA-NezwK8x4brCQDxzG_DPb1pc8Ixqd_XVmQXg9ZqtP9KoB_V8Ilv0Xgrv,,,,,,,
https://vignette.wikia.nocookie.net/assassinscreed/images/c/c2/ACO_Bayek_Hidden_Ones_Concept_Art.jpg/revision/latest/scale-to-width-down/180?cb=20180201021653,,,,,,,
https://cdn11.bigcommerce.com/s-fat8l5csg8/images/stencil/1280x1280/products/148/546/ACO_CH_level_0_front_with_hood_VincentGaigneux_40x60-copie-tmpl-R1.5-THB__03382.1552938410.jpg?c=2&imbypass=on,,,,,,,
https://assets.vg247.com/current//2017/09/assassins_creed_origins-1-1152x609.jpg,,,,,,,
https://www.philippetournaire.com/6255-thickbox_default/socle.jpg,,,,,,,
http://cdn.shopify.com/s/files/1/0233/6889/products/Bayek_FiGPiN_1_1024x1024.png?v=1554746785,,,,,,,
https://assets.vg247.com/current//2017/11/assassins_creed_origins_photo_mode_crop3-600x329.jpg,,,,,,,
https://1.bp.blogspot.com/-bnu5wASdHUM/W9bEjaxizfI/AAAAAAAAF70/QdMvl-y_yQoxNGzDLJq9QAnA8xe5Y6VnwCLcBGAs/s1600/Assassin%2527s-Creed-Odyssey-Lets-You-Unlock-Bayek.jpg,,,,,,,
https://i.ytimg.com/vi/D0kDuvh2TL8/maxresdefault.jpg,,,,,,,
https://pbs.twimg.com/media/DH1U8r9XkAAgVNi.jpg,,,,,,,
https://www.assassinscreed.de/sites/www.assassinscreed.de/files/assassins_creed_origins_bayek_face.jpg,,,,,,,
https://img9.uhdpixel.com/wp/z/0/assassins-creed-origins-nefertiti-vs-bayek-z02-197x111.jpg,,,,,,,
https://i.redd.it/b69ykuwapzzz.jpg,,,,,,,
https://cdna.artstation.com/p/assets/images/images/007/928/116/large/jeff-simpson-centurion.jpg?1509407550,,,,,,,
https://www.playstationlifestyle.net/assets/uploads/2018/10/AC-Origins-Bayek-1280x720.jpg,,,,,,,
https://lookaside.fbsbx.com/lookaside/crawler/media/?media_id=1424801120931485,,,,,,,
http://hd.wallpaperswide.com/thumbs/bayek_assassins_creed_origins_game-t2.jpg,,,,,,,
https://geekireland.com/wp-content/uploads/2017/11/Assassins-Creed-Origins-Bayek-Son.jpg,,,,,,,
https://s20.postimg.cc/t780ywcvh/leonidas.jpg,,,,,,,
https://pre00.deviantart.net/228f/th/pre/f/2017/184/c/9/assassin_s_creed_origins_bayek_by_wert23-dbeyjuh.jpg,,,,,,,
https://i.ebayimg.com/images/g/eoIAAOSwRY5bUcUF/s-l300.jpg,,,,,,,
https://thumbs.gfycat.com/AcceptableEqualCockatoo-size_restricted.gif,,,,,,,
https://ultimategamer.co.za/wp-content/uploads/2018/11/bayek.jpg,,,,,,,
http://cdn.shopify.com/s/files/1/2185/3501/products/miniatura_1afaa597-59bc-47da-97df-cf3eae8e5056_grande.jpg?v=1527548430,,,,,,,
https://www.sideshow.com/storage/product-images/903446/bayek-deluxe_assassins-creed_feature.jpg,,,,,,,
https://i.ebayimg.com/images/g/7skAAOSwdC5cf70R/s-l1600.jpg,,,,,,,
https://cdn.gamer-network.net/2017/usgamer/AC-Origins-Hair-Header-01.png/EG11/thumbnail/1920x1080/format/jpg/quality/75/assassins-creed-origins-latest-patch-remembers-your-bayek-hair-preferences.jpg,,,,,,,
https://www.gamecrate.com/sites/default/files/Bayek%20Layered%20Armor.jpg,,,,,,,
https://cdn.shopify.com/s/files/1/0097/7810/2350/products/SMALL_bayek_detail_2_300x.jpg?v=1563453676,,,,,,,
https://banner2.kisspng.com/20190301/abq/kisspng-assassins-creed-origins-bayek-di-siwa-video-game-wikizero-5c79f21caaa422.986873781551495708699.jpg,,,,,,,
https://store.playstation.com/store/api/chihiro/00_09_000/container/US/en/999/UP0001-CUSA05855_00-AV00000000000010/1553250534000/image?w=240&h=240&bg_color=000000&opacity=100&_version=00_09_000,,,,,,,
https://get.wallhere.com/photo/Assassin's-Creed-video-games-Bayek-Ubisoft-Assassins-creed-origins-1412809.jpg,,,,,,,
https://rukminim1.flixcart.com/image/704/704/ja9yg7k0/poster/h/s/g/small-assassins-creed-origins-bayek-a-ab1258-original-imaezw4crkvn2dfa.jpeg?q=70,,,,,,,
https://live.staticflickr.com/4645/38474965434_af1a2a0296_b.jpg,,,,,,,
https://i1.wp.com/www.cosplaymagic.com/wp-content/uploads/2018/06/products-assassin-s-creed-origins-the-hidden-ones-bayek-cosplay-2.gif.gif?fit=227%2C235&ssl=1,,,,,,,
https://thumbor.forbes.com/thumbor/960x0/https%3A%2F%2Fblogs-images.forbes.com%2Finsertcoin%2Ffiles%2F2018%2F10%2Fkassandra2.jpg,,,,,,,
https://media.gamestop.com/i/gamestop/10168193/Assassins-Creed-Collectible-Figures---Bayek?$pdp$,,,,,,,
https://nerd4.life/wp-content/uploads/2019/01/2019-01-02-1508-5c2cd3d1ecb98.png,,,,,,,
https://i.etsystatic.com/10138576/r/il/f11257/1453502409/il_794xN.1453502409_b75e.jpg,,,,,,,
https://www.hdwallpapers.in/download/bayek_assassins_creed_origins_the_hidden_ones_4k_8k-1080x1920.jpg,,,,,,,
https://topmmoservers.com/wp-content/uploads/2018/01/Assassins-Creed-Origins_02.jpg,,,,,,,
https://www.pcgamesn.com/wp-content/uploads/2018/10/assassins-creed-bayek-580x334.jpg,,,,,,,
https://i.kinja-img.com/gawker-media/image/upload/s--0BXuItxJ--/c_scale,f_auto,fl_progressive,q_80,w_800/o76cwkdwycecv2h3pfui.jpg,,,
https://cdn3.dualshockers.com/wp-content/uploads/2019/02/Bayek-of-Siwa-Assassins-Creed-Origins-3.jpg,,,,,,,
https://hdqwalls.com/download/bayek-assassins-creed-origins-ubisoft-5k-ny-2160x3840.jpg,,,,,,,
https://assets.rockpapershotgun.com/images/2018/10/assassins-creed-bayek-1.jpg,,,,,,,
https://i.ytimg.com/vi/aYiu_sDpEa0/maxresdefault.jpg,,,,,,,
https://cdn.gamerant.com/wp-content/uploads/assassins-creed-origins-screenshots-bayek-shield-header.jpg.optimal.jpg,,,,,,,
https://www.gannett-cdn.com/presto/2018/12/28/PREN/e619f9d5-dea5-4b7e-8422-1b9ba78640f3-Bayek_Event_01.jpg?crop=1919,1079,x0,y0&width=3200&height=1680&fit=bounds,,,,
https://img5.goodfon.com/wallpaper/nbig/c/58/assassin-s-creed-origins-ubisoft-bayek-assassin-s-creed-orig.jpg,,,,,,,
https://gamespot1.cbsistatic.com/uploads/original/1585/15855271/3482821-screen%20shot%202019-01-02%20at%2010.09.36%20am.png,,,,,,,
https://council.assassinscreed.com/media/cache/resolve/post_show/https://ubistatic-a.akamaihd.net/0053/ac-council/prod/post/594163837df62.jpeg,,,,,,,
https://c4.wallpaperflare.com/wallpaper/881/983/650/assassins-creed-origins-origins-assassin-s-creed-bayek-wallpaper-preview.jpg,,,,,,,
https://vignette.wikia.nocookie.net/assassinscreed/images/b/b0/ACO_Medjay_badge.jpg/revision/latest?cb=20170915083305,,,,,,,
https://i.pinimg.com/736x/58/95/23/58952383b91cb3c525057567a00a114f.jpg,,,,,,,
https://i1.wp.com/pokde.net/assets/uploads/2018/10/bayek.jpg?fit=1000%2C667&ssl=1,,,,,,,
https://sm.ign.com/ign_za/video/2/20-minutes/20-minutes-of-assassins-creed-origins-open-world-gameplay-in_kwnw.jpg,,,,,,,
https://guides.gamepressure.com/assassins_creed_origins/gfx/word/354775118.jpg,,,,,,,
https://dontfeedthegamers.com/wp-content/uploads/2018/03/ACO_UGP.jpg,,,,,,,
https://rukminim1.flixcart.com/image/704/704/jqb8ccw0/laptop-skin-decal/v/g/g/gw21774-surface-pro-3-printed-bayek-assassins-creed-origins-skin-original-imafcchwhcfmywcn.jpeg?q=70,,,,,,,
https://cdn11.bigcommerce.com/s-fat8l5csg8/images/stencil/500x500/products/138/589/ACE_CH_test9a_VincentGaigneux_40x50-copie-tmpl-R1.25-THB__26402.1552942415.jpg?c=2,,,,,,,
https://lookaside.fbsbx.com/lookaside/crawler/media/?media_id=1490802097664720,,,,,,,
https://media.comicbook.com/2017/10/assassins-creed-origins-bayek-1043883-1280x0.png,,,,,,,
https://www.cosdaddy.com/image/cache/catalog/000096/333-1000x1300.jpg,,,,,,,
https://fsmedia.imgix.net/66/b7/e2/cb/60d4/4a23/8de0/654e4c9cbda1/assassins-creed-legacy.jpeg?rect=0%2C0%2C1499%2C751&auto=format%2Ccompress&dpr=2&w=650,,,,,,,
https://images5.alphacoders.com/885/thumb-1920-885057.jpg,,,,,,,
https://www.toy-palace.com/media/catalog/product/cache/2/image/9df78eab33525d08d6e5fb8d27136e95/b/a/bayek-pvc-statue-assassins-creed-origins-32-cm_UBI300092812_2_1.jpg,,,,,,,
https://images-na.ssl-images-amazon.com/images/I/71hZvYkaI1L._SX466_.jpg,,,,,,,
https://steamuserimages-a.akamaihd.net/ugc/945085057569830330/21EACBBEF71B84E8DA049CC0C154CC77071475EC/,,,,,,,
https://www.pcgames.de/screenshots/original/2018/01/Assassin-s-Creed-Origins-The-Hidden-Ones-6-pc-games_b2article_artwork.jpg,,,,,,,
https://cdn.gamer-network.net/2017/usgamer/AC-Origins-Hair-Shot-04.jpg,,,,,,,
https://static2.srcdn.com/wordpress/wp-content/uploads/2018/10/Assassins-Creedy-Odyssey-Bayek.jpg,,,,,,,
https://i.redd.it/du2k5ujzvw621.jpg,,,,,,,
https://cdn.webshopapp.com/shops/219611/files/167541641/assassins-creed-assassins-creed-origins-logo-with.jpg,,,,,,,
https://www.gamecrate.com/sites/default/files/field/image/How%20to%20get%20Assassin%20hood%20in%20Monster%20Hunter%20World.jpg,,,,,,,
https://cdn.domestika.org/c_limit,dpr_auto,f_auto,q_auto,w_820/v1521116414/content-items/002/291/352/alicia-varela-martinez-bayek-original.jpg?1521116414,,,
http://www.pulpiciak.pl/tapety/n/306950_gra-creed-assassins-bayek-origins.jpg,,,,,,,
http://secureservercdn.net/166.62.108.43/c2d.c90.myftpupload.com/wp-content/uploads/2017/06/ACO_Bayek_Cosplay_Guide-5.jpg,,,,,,,
https://wallpapercave.com/wp/wp3109612.jpg,,,,,,,
https://get.wallhere.com/photo/Assassin's-Creed-video-games-Ubisoft-Bayek-Assassin's-creed-Origins-1444429.jpg,,,,,,,
https://cdn.shopify.com/s/files/1/0097/7810/2350/products/bayek_left_Emilie_2048x2048.jpg?v=1563453676,,,,,,,
https://store.ubi.com/on/demandware.static/-/Sites-masterCatalog/default/dw4f0541ca/images/large/59c0e330ca1a64a93c38fbae-collectible-1_assassins_creed_origins_scarf.jpg,,,,,,,
https://www.fm-anime.com/media/catalog/product/cache/1/image/450x450/9df78eab33525d08d6e5fb8d27136e95/a/s/assassin_s_creed_bayek.jpg,,,,,,,
https://thumbs.gfycat.com/ChiefDrearyHalcyon-size_restricted.gif,,,,,,,
https://www.creativeuncut.com/gallery-32/art/aco-bayek-concept3.jpg,,,,,,,
https://i.blogs.es/2fbbdb/maxresdefault-8-/450_1000.jpg,,,,,,,
https://live.staticflickr.com/4537/38196301106_7dd97059b3_b.jpg,,,,,,,
https://static1.squarespace.com/static/55ef0e29e4b099e22cdc9eea/55ef1423e4b030b646dd5fc2/5b7d892f88251b1adad04abf/1536165734830/GT-assassins-creed-odyssey.jpg?format=750w,,,,,,,
https://d3fa68hw0m2vcc.cloudfront.net/3be/185496351.jpeg,,,,,,,
https://a.wattpad.com/cover/135796504-352-k307462.jpg,,,,,,,
https://www.playstationtrophies.org/images/news/bayekclub.jpg,,,,,,,
https://c4.wallpaperflare.com/wallpaper/749/963/810/bayek-assassin-s-creed-origins-assassin-s-creed-origins-assassin-s-creed-wallpaper-preview.jpg,,,,,,,
https://i1.wp.com/www.cosplaymagic.com/wp-content/uploads/2018/06/products-assassin-s-creed-origins-bayek-of-siwa-cosplay-for-women-11.gif.gif?fit=227%2C235&ssl=1,,,,,,,
https://statici.behindthevoiceactors.com/behindthevoiceactors/_img/chars/bayek-assassins-creed-origins-8.25.jpg,,,,,,,
https://66.media.tumblr.com/f9c497234c0a43e5ceda9a3e1a838a2c/tumblr_pbudee4oBn1uwb7v5o1_500.jpg,,,,,,,
https://www.picclickimg.com/d/l400/pict/293195656467_/Assassins-Creed-Origins-Bayek-Lithograph-Concept-Art-Print.jpg,,,,,,,
https://i.etsystatic.com/13201992/r/il/757fd3/1380528832/il_570xN.1380528832_6349.jpg,,,,,,,
https://chibi-akihabara.com/12610-large_default/assassin-s-creed-origins-figurine-bayek-110.jpg,,,,,,,
https://cdn.hobbyconsolas.com/sites/navi.axelspringer.es/public/styles/1200_amp/public/media/image/2018/01/capucha-negra_0.jpg?itok=U2ZucaQC,,,,,,,
https://assets.rockpapershotgun.com/images/2018/10/assassins-creed-bayek-6.jpg,,,,,,,
https://www.life-size-universe.com/boutique_us/images_produits/bayeklifesizestatueubisoft-z.jpg,,,,,,,
https://images-wixmp-ed30a86b8c4ca887773594c2.wixmp.com/f/e2432506-c988-4b43-af02-6cbbd09103a6/dbtxydw-631a7983-5ea0-4e39-b4a1-ba561a7332dc.png/v1/fill/w_1024,h_1366,q_80,strp/bayek_assassins_creed_origins_artwork_by_cyberart74_dbtxydw-fullview.jpg?token=eyJ0eXAiOiJKV1QiLCJhbGciOiJIUzI1NiJ9.eyJzdWIiOiJ1cm46YXBwOjdlMGQxODg5ODIyNjQzNzNhNWYwZDQxNWVhMGQyNmUwIiwiaXNzIjoidXJuOmFwcDo3ZTBkMTg4OTgyMjY0MzczYTVmMGQ0MTVlYTBkMjZlMCIsIm9iaiI6W1t7ImhlaWdodCI6Ijw9MTM2NiIsInBhdGgiOiJcL2ZcL2UyNDMyNTA2LWM5ODgtNGI0My1hZjAyLTZjYmJkMDkxMDNhNlwvZGJ0eHlkdy02MzFhNzk4My01ZWEwLTRlMzktYjRhMS1iYTU2MWE3MzMyZGMucG5nIiwid2lkdGgiOiI8PTEwMjQifV1dLCJhdWQiOlsidXJuOnNlcnZpY2U6aW1hZ2Uub3BlcmF0aW9ucyJdfQ.DhDiSWRiezhtbTANBKDrXCVeqhy5R4nkpvMivOibIC4,,,,
https://www.pngfind.com/pngs/m/608-6080456_assassins-creed-origins-bayek-and-senu-hd-png.png,,,,,,,
https://twinfinite.net/wp-content/uploads/2017/08/acorigins.jpg,,,,,,,
https://thenextissuepodcast.files.wordpress.com/2017/08/bayek-and-aya.jpg,,,,,,,
https://i.kinja-img.com/gawker-media/image/upload/s--cGNKPEiI--/c_scale,f_auto,fl_progressive,q_80,w_800/ohcapyu4pn9iu1tbb2m9.jpg,,,
https://sakura-cdn.animegami.co.uk/wp-content/uploads/2017/12/27153448/x_is77312_a.jpg,,,,,,,
https://images.wallpapersden.com/image/download/bayek-of-siwa-assassins-creed-origins_59852_1280x2120.jpg,,,,,,,
https://i.ytimg.com/vi/EGFgxdDKj6o/hqdefault.jpg,,,,,,,
http://orcz.com/images/thumb/4/40/ACOBayek2.jpg/400px-ACOBayek2.jpg,,,,,,,
https://d1w8cc2yygc27j.cloudfront.net/-7937862056690476877/7963380341481085090.jpg,,,,,,,
https://miro.medium.com/max/2560/1*3UqX0Q0EXpLLyr3CnCBw_A.jpeg,,,,,,,
https://sm.ign.com/ign_nordic/video/t/the-origin/the-origin-of-assassins-creed-origins-bayek-and-senu-ign-fir_hx46.jpg,,,,,,,
https://farm5.staticflickr.com/4464/37253268594_2359ef3ea2_z.jpg,,,,,,,
https://i.pinimg.com/originals/0f/d6/65/0fd665d41d95c65c4250ce82c8e72c1f.jpg,,,,,,,
http://www.figurerealm.com/userimages/customs/93500/thumb_93203-1-5a21c7c5398b6.jpg,,,,,,,
https://cdn.shopify.com/s/files/1/0014/9969/3174/products/G156M132_5_400x.jpg?v=1562081272,,,,,,,
https://cdn11.bigcommerce.com/s-7ndfb/images/stencil/2048x2048/products/101637/126926/MCS786004__12383.1565812044.jpg?c=2,,,,,,,
https://mcecentral.com/wp-content/uploads/2019/07/bayek7.jpg,,,,,,,
https://www.pxwall.com/wp-content/uploads/2018/04/Assassins%20Creed%20Origins%20Bayek%20Of%20Siwa8477114955.jpg,,,,,,,
https://img9.uhdpixel.com/wp/a/2/bayek-assassins-creed-origins-a22.jpg,,,,,,,
https://i.ebayimg.com/images/g/Y7YAAOSwnlFaei~w/s-l300.jpg,,,,,,,
https://www.gamepur.com/files/styles/max_width_770px/public/images/2014/bayek-hair-beard-look.jpg?itok=4Uaj2ktm,,,,,,,
https://qph.fs.quoracdn.net/main-qimg-8e2fa8281e3083e4fa27c808d51a4d44,,,,,,,
http://images6.fanpop.com/image/polls/1662000/1662751_1513352949284_full.jpg,,,,,,,
https://ubistatic19-a.akamaihd.net/marketingresource/en-us/ubisoft/ubisoft-news/news/images/bayekandhepfefa_322317.png,,,,,,,
https://www.onlysp.com/wp-content/uploads/2017/08/Assassins-Creed-Origins.jpg,,,,,,,
https://butwhythopodcast.com/wp-content/uploads/2018/02/assassin_s-creed-origins-gamescom-2017-game-of-power-trailer-1-2.jpg,,,,,,,
https://pixelz.cc/wp-content/uploads/2018/08/assassins-creed-origins-bayek-of-siwa-uhd-8k-wallpaper.jpg,,,,,,,
https://www.dhresource.com/600x600/f2/albu/g6/M00/E5/47/rBVaR1o4zRGARf9YAAByUBAs0tA199.jpg,,,,,,,
https://thumbs.gfycat.com/ObedientUnhappyGermanshepherd-size_restricted.gif,,,,,,,
https://www.wallpapermaiden.com/wallpaper/22849/download/1366x768/assassin-s-creed-origins-bayek.png,,,,,,,
https://thumbor.forbes.com/thumbor/960x0/https%3A%2F%2Fblogs-images.forbes.com%2Finsertcoin%2Ffiles%2F2018%2F10%2Fac-odyssey2.jpg,,,,,,,
https://images-na.ssl-images-amazon.com/images/I/716qWXq85EL._SX425_.jpg,,,,,,,
https://cdn.shopify.com/s/files/1/0025/9709/3489/products/spiral-gothic-bayek-assassins-creed-origins-white-t-shirt-g157m134-spiral-gothic-bayek-assassins-creed-origins-white-t-shirt-a_1024x1024.jpg?v=1558617943,,,,,,,
https://cdnb.artstation.com/p/assets/images/images/007/928/217/large/jeff-simpson-fayumportraits.jpg?1509405865,,,,,,,
https://cdn.shopify.com/s/files/1/0097/7810/2350/products/night_corrected_300x.jpg?v=1563453676,,,,,,,
https://www.manlescosplay.com/media/catalog/product/cache/1/image/9df78eab33525d08d6e5fb8d27136e95/b/a/bayek-costume-for-assassin-s-creed-origins-cosplay-3.jpg,,,,,,,
https://aa1a5178aef33568e9c4-a77ea51e8d8892c1eb8348eb6b3663f6.ssl.cf5.rackcdn.com/p/full/f4cae81f-0582-4473-9f8d-73a67705305f.jpg,,,,,,,
https://get.wallhere.com/photo/Assassin's-Creed-Assassins-creed-origins-Bayek-1328077.jpg,,,,,,,
https://cdn.gamerant.com/wp-content/uploads/assassins-creed-origins-director-talks-new-hero-bayek.jpg.optimal.jpg,,,,,,,
https://store.ubi.com/on/demandware.static/-/Sites-masterCatalog/default/dw7dd5d925/images/large/59ce729929e123497f909a8c-collectible-1_Red_lineage_Bayek.jpg,,,,,,,
https://c1-ebgames.eb-cdn.com.au/merchandising/images/packshots/2af2e4059a614ec787e7ae08ad550020_Large.jpg,,,,,,,
http://www.abystyle.com/8210-large_default/assassin-s-creed-mug-bayek.jpg,,,,,,,
https://spng.pngfly.com/20190319/spt/kisspng-assassins-creed-odyssey-assassins-creed-origins-5c91344309ca54.8059958315530199710401.jpg,,,,,,,
https://vignette.wikia.nocookie.net/assassinscreed/images/9/97/Homecoming_02.png/revision/latest/scale-to-width-down/250?cb=20171115175319,,,,,,,
https://em.wattpad.com/c850a15b1e96c293696639cdd0656d511cec550a/68747470733a2f2f73332e616d617a6f6e6177732e636f6d2f776174747061642d6d656469612d736572766963652f53746f7279496d6167652f77774253776761305f6c524f72773d3d2d3534353135333232332e313531613165636132313130646139333137353635343830373832322e676966,,,,,,,
https://i1.wp.com/painterlegend.com/wp-content/uploads/images/2160x3840-assassins-creed-origins-bayek-4k-sony-xperia-x-origins-of-abstract-art.jpg?ssl=1,,,,,,,
https://www.ardesengsk.com/a/2019/05/assassins-creed-bayek-drawing-arno-easy.jpg,,,,,,,
https://i.redd.it/qsxp1ellmtp21.jpg,,,,,,,
http://www.robertleithrehab.co.uk/images/category_7/Online%20discount%20childrens%20ASSASSIN%20CREED%20ORIGINS%20BAYEK%20PROTECTOR%20OF%20EGYPT%20PVC%20ACTION%20FIGURE%20STATUE%20TOY%20JOVVH.jpg,,,,,,,
https://cdn.shopify.com/s/files/1/0021/8614/9937/products/Assassins-Creed-40-Origins-Bayek-Flag-Banner_1024x1024.jpg?v=1552349887,,,,,,,
https://pbs.twimg.com/media/DbxaPCHVwAIcytm.jpg,,,,,,,
https://wallup.net/wp-content/uploads/2018/09/25/623728-Assassins_Creed_Origins-video_games-artwork-Assassins_Creed-Egypt-landscape-Bayek-Pyramids_of_Giza-Ubisoft-748x348.jpg,,,,,,,
https://wallpapersmug.com/download/750x1334/67b98f/assassins-creed-origins-bayek-of-siwa-game-warrior.jpg,,,,,,,
https://66.media.tumblr.com/0c293edc117cfc230e4a7ca542ff24ee/tumblr_p8ru3vtT2W1sgy2zyo1_r1_400.jpg,,,,,,,
http://www.amerang.co.uk/image/cache/data/Iron%20Studios/IS773128-4-800x800.jpg,,,,,,,
https://hachettepartworks.com/Content/Products/8b4212f9-545a-4108-8384-080e7bf0c6da.jpg,,,,,,,
https://i1.wp.com/cosplaymagic.com/wp-content/uploads/2018/05/products-assassin-s-creed-origins-bayek-of-siwa-cosplay-2.gif.gif?fit=227%2C235&ssl=1,,,,,,,
https://www.lakebit.com/wp-content/uploads/2017/06/assassins-creed-origins-e3-gameplay-video.jpg,,,,,,,
https://mocah.org/uploads/posts/3003570-1920x1080-assassins-creed-origins-bayek-of-siwa.jpg,,,,,,,
https://cdn3.dualshockers.com/wp-content/uploads/2019/02/Bayek-of-Siwa-Assassins-Creed-Origins-1.jpg,,,,,,,
http://wallpaperswide.com/download/assassins_creed_origins_bayek-wallpaper-1024x1024.jpg,,,,,,,
http://www.gamechup.com/wp-content/uploads/2015/05/assassins-creed-syndicate-.jpg,,,,,,,
https://c4.wallpaperflare.com/wallpaper/403/749/314/assassins-creed-origins-origins-assassin-s-creed-bayek-wallpaper-preview.jpg,,,,,,,
https://www.picclickimg.com/d/l400/pict/233179815275_/Bayek-Assassins-Creed-Origins-Screen-Shots-Loot-Crate-Gaming.jpg,,,,,,,
https://img4.goodfon.com/wallpaper/big/9/dc/assassin-s-creed-assassin-s-creed-origins-ubisoft-origins.jpg,,,,,,,
https://www.toy-palace.com/media/catalog/product/cache/2/image/9df78eab33525d08d6e5fb8d27136e95/b/a/bayek-1_10-deluxe-art-scale-statue-assassins-creed-origins-23-cm_IS77312_7_1.jpg,,,,,,,
https://i.ytimg.com/vi/PdvIYixi8uQ/maxresdefault.jpg,,,,,,,
https://live.staticflickr.com/4540/38169842206_9389daf38a_b.jpg,,,,,,,
https://www.pcgamesn.com/wp-content/uploads/legacy/ba_yek_statue-590x332.jpg,,,,,,,
https://cdn.mos.cms.futurecdn.net/Kr3JKdaGHY4pS3uHMiFWp5.jpg,,,,,,,
https://cdn.shopify.com/s/files/1/0032/1212/products/UBI281_3_2000x.jpg?v=1562969527,,,,,,,
http://www.gamersheroes.com/wp-content/uploads/2017/10/Assassins-Creed-Origins-Bayeks-Promise-Guide-900x506.jpg,,,,,,,
http://genchi.info/image/assassins-creed-wallpaper-1.jpg,,,,,,,
https://i.pinimg.com/originals/18/20/c3/1820c362c79c28e946ffe02412f9867d.jpg,,,,,,,
http://cdn.shopify.com/s/files/1/1390/6725/products/IRO73128--Assassins-Creed-Origins-Bayek-1-10-StatueA_grande.jpg?v=1521068016,,,,,,,
https://fsmedia.imgix.net/1d/45/3f/8d/d9e8/480b/8281/32ed1789aebc.jpeg?auto=format%2Ccompress&dpr=2&w=650,,,,,,,
https://hachettepartworks.com/Content/Products/c6eca91b-1e8a-455c-89f6-3f0ef2644cb1.jpg,,,,,,,
https://wallpaperset.com/w/full/6/a/7/95769.jpg,,,,,,,
https://mcecentral.com/wp-content/uploads/2019/07/Purearts-banner-web.jpg,,,,,,,
https://www.reimarufiles.com/wp-content/uploads/2017/09/ACO_ALL-PRODUCTS_MOCKUP_UK_050917_6PM_1504533456-1024x576.jpg,,,,,,,
https://d9nvuahg4xykp.cloudfront.net/6269660963769493488/5038528595662746192.jpg,,,,,,,
https://fsb.zobj.net/crop.php?r=DPQHkm3VBxngym_fPybGjQ7ZGsfHrjv1SVdONBHXttwkilBuvwvUQ8XnGHMmfgeB2DPhFrBHEWZzHyH7mrRaOQAOnB5s8pWKv32IW1A1xhCWh_OG5QFzbzlxy9773j-catHEdAIYP7lVJQGlPYwRBaFBsM9pyiuS52UeqVhGBZxMIBNfgsMm_whEMgbibms9Z7lIvkF0E5HSgWDD,,,,,,,
https://cdn.shopify.com/s/files/1/1774/9115/products/Bayek_assassins_creed_origins_20Game_20Birthday_20Card_20_SA.png?v=1502360122,,,,,,,
https://farm5.staticflickr.com/4609/28097834929_04205f8258_z.jpg,,,,,,,
http://mosaicon.hu/wallpapers/videojatekok/8k-fullultrahd-hatterkep-wallpaper-mosaicon-bayek-assassins-creed-origins-6454349_widethumb.jpg,,,,,,,
http://gallery.marvelscollectionscustoms.com/albums/Statues-Collectibles/Iron-Studios/Others/Iron-studios-bayek-assassin-s-creed-09.jpg,,,,,,,
https://www.pngkit.com/png/detail/329-3290135_assassins-creed-origins-assassins-creed-origins-bayek-statue.png,,,,,,,
https://images.offerup.com/LiKyEw2HJi7GuRp3IbhtYr68O7c=/600x800/6e2d/6e2d31e0b3c248c48481a58f08e18b01.jpg,,,,,,,
https://i.ebayimg.com/images/g/JaIAAOSwk4dalsXF/s-l300.jpg,,,,,,,
https://i.kinja-img.com/gawker-media/image/upload/s--eSqiv3eE--/c_fill,f_auto,fl_progressive,g_center,h_675,pg_1,q_80,w_1200/gnjdwj7h8wxhrbtjd4dc.jpg
https://media.alienwarearena.com/media/af9396cc5a6bd7ac73bd449f31fa831b.jpg,,,,,,,
https://happydaze247.com/media/catalog/product/cache/1/image/9df78eab33525d08d6e5fb8d27136e95/a/s/assassins_creed_origins_bayek_t-shirt.jpg,,,,,,,
https://cdn11.bigcommerce.com/s-fat8l5csg8/images/stencil/1280x1280/products/134/562/ACE_CH_Bayek_Story2_VGaigneux_40x60-copie-tmpl-R1.5-THB__69534.1552939532.jpg?c=2&imbypass=on,,,,,,,
https://ae01.alicdn.com/kf/HTB1ctJBvDJYBeNjy1zeq6yhzVXaH/Assassins-Creed-Assassin-s-Creed-Origines-Bayek-Protecteur-with-his-eagle-PVC-Action-Figure-Model-Toy.jpg_640x640.jpg,,,,,,,
https://images-wixmp-ed30a86b8c4ca887773594c2.wixmp.com/f/500054a6-6638-49d5-bfff-73a4c6ca3b59/dc18pqf-299d1f16-952f-4dcb-af1e-01e3b2f79259.jpg/v1/fill/w_600,h_749,q_75,strp/bayek___assassin_s_creed_origine_by_aetiiart_dc18pqf-fullview.jpg?token=eyJ0eXAiOiJKV1QiLCJhbGciOiJIUzI1NiJ9.eyJzdWIiOiJ1cm46YXBwOjdlMGQxODg5ODIyNjQzNzNhNWYwZDQxNWVhMGQyNmUwIiwiaXNzIjoidXJuOmFwcDo3ZTBkMTg4OTgyMjY0MzczYTVmMGQ0MTVlYTBkMjZlMCIsIm9iaiI6W1t7ImhlaWdodCI6Ijw9NzQ5IiwicGF0aCI6IlwvZlwvNTAwMDU0YTYtNjYzOC00OWQ1LWJmZmYtNzNhNGM2Y2EzYjU5XC9kYzE4cHFmLTI5OWQxZjE2LTk1MmYtNGRjYi1hZjFlLTAxZTNiMmY3OTI1OS5qcGciLCJ3aWR0aCI6Ijw9NjAwIn1dXSwiYXVkIjpbInVybjpzZXJ2aWNlOmltYWdlLm9wZXJhdGlvbnMiXX0.xEUSHLWrkuiSLtmwosoI85qSMmco0yNt3cllI-tn4XM,,,,
https://img9.uhdpixel.com/wp/a/2/bayek-sword-shield-combat-assassins-creed-origins-a223-197x111.jpg,,,,,,,
https://img.letgo.com/images/47/a6/32/18/47a63218340073c9854c91ee60f1791d.jpeg?impolicy=img_600,,,,,,,
https://news-cdn.softpedia.com/images/news2/assassin-s-creed-origins-review-ps4-a-new-beginning-for-an-antiquated-series-518500-13.jpg,,,,,,,
https://d2skuhm0vrry40.cloudfront.net/2017/articles/2017-11-07-15-34/1.png/EG11/resize/300x-1/quality/75/format/jpg,,,,,,,
https://images4.sw-cdn.net/product/picture/710x528_19722606_11216979_1534464440.jpg,,,,,,,
https://static.planetminecraft.com/files/resource_media/preview/1739/bayek21-1508775740_minecraft_skin-11274725.jpg,,,,,,,
https://media.karousell.com/media/photos/products/2018/11/07/bayek_assassins_creed_origins_print_instock_1541602815_f6b9bdcb_progressive.jpg,,,,,,,
https://get.wallhere.com/photo/Assassins-creed-origins-origins-Assassin's-Creed-Bayek-1328111.jpg,,,,,,,
https://cdna.artstation.com/p/assets/images/images/007/928/458/large/jeff-simpson-scarab.jpg?1509407500,,,,,,,
http://trade.abyssecorp.com/29278-large_default/assassin-s-creed-tshirt-bayek-man-ss-black-new-fit.jpg,,,,,,,
https://www.beplaystation.fr/wp-content/uploads/2018/01/1516228595_bayek-assassins-creed-origins-the-hidden-ones-dlc-167_story-750x428.jpg,,,,,,,
https://lookaside.fbsbx.com/lookaside/crawler/media/?media_id=1422417694503161,,,,,,,
https://chibi-akihabara.com/12614-thickbox_default/assassin-s-creed-origins-figurine-bayek-110.jpg,,,,,,,
https://ytimg.googleusercontent.com/vi/l5mDFxUQcq0/mqdefault.jpg,,,,,,,
https://a-static.besthdwallpaper.com/bayek-assassin-s-creed-wallpaper-1080x1920-2423_165.jpg,,,,,,,
https://tattooremovalcreamblog.com/wp-content/uploads/2018/03/speed-drawing-bayek-of-siwa-assa-682x351.jpg,,,,,,,
https://cdn.shopify.com/s/files/1/1801/9233/products/YSP4S-1683_-_Assassin_s_Creed_Origins_Bayek_Egypt_Ruins_PS4_Slim_Skin_x700.jpg?v=1564044391,,,,,,,
https://ae01.alicdn.com/kf/HTB1oM2rX5OYBuNjSsD4q6zSkFXaN/Bayek-Aya-Assassin-s-Creed-Origins-Action-Toy-Figures-Pvc-Model-Collection-For-Girls-Kids-Lover.jpg,,,,,,,
https://www.nicepng.com/png/detail/329-3290712_assassins-creed-origins-assassins-creed-bayek-statue.png,,,,,,,
https://i0.wp.com/ubistatic19-a.akamaihd.net/resource/en-gb/game/assassins-creed/ac-origins/ac_seaons_pass_dlc2_full_303433.jpg,,,,,,,
https://fantoy.com.br/media/catalog/product/cache/1/image/1000x/9df78eab33525d08d6e5fb8d27136e95/e/s/estatua-bayek-assassins-creed-iron-studios-07_1.jpg,,,,,,,
https://cdn.shopify.com/s/files/1/0097/7810/2350/products/SMALL_bayek_light_detail_2048x2048.jpg?v=1563453676,,,,,,,
http://www.wallpapermaiden.com/image/2019/01/26/assassin-s-creed-origins-bayek-of-siwa-castle-scenic-landscape-29601-resized.jpeg,,,,,,,
https://cdn.shopify.com/s/files/1/1801/9233/products/YSP4P-1833_-_Assassins_Creed_Origins_Bayek_Cleopatra_PS4_Pro_Skin_x700.jpg?v=1563870210,,,,,,,
http://gamebom.ru/2017-10_1509466815_4.jpg,,,,,,,
http://78.media.tumblr.com/b792bc32b676c97d0d2945969b3504ea/tumblr_p5hj7hoqrK1wd3jimo2_400.gif,,,,,,,
https://i.etsystatic.com/13201992/r/il/4d3094/1380528038/il_570xN.1380528038_2p53.jpg,,,,,,,
https://www.gamecrate.com/sites/default/files/ACOStone1.jpg,,,,,,,
https://i.ytimg.com/vi/DK6TlbApnYg/hqdefault.jpg,,,,,,,
https://www.creativeuncut.com/gallery-32/art/aco-bayek-early-concept.jpg,,,,,,,
https://assets1.ignimgs.com/thumbs/userUploaded/2018/2/22/acocurseofpharaohsblogroll-1519356988823.jpg?crop=16%3A9&width=300,,,,,,,
http://cdn.mos.cms.futurecdn.net/k53PiW6E7CbCLAvaNcwzWD.png,,,,,,,
https://assets.rockpapershotgun.com/images/2018/10/assassins-creed-bayek-3.jpg,,,,,,,
https://c4.wallpaperflare.com/wallpaper/754/779/750/assassin-s-creed-video-games-bayek-ubisoft-wallpaper-preview.jpg,,,,,,,
https://img.youtube.com/vi/xzV7qhSByvY/0.jpg,,,,,,,
https://inhdw.com/wallpaper/16/4k-bayek-vs-the-duelist-assassins-creed-origins-1615.jpg,,,,,,,
https://img4.goodfon.com/wallpaper/nbig/d/6e/assassin-s-creed-origins-art-ubiitsa-bayek-ubisoft.jpg,,,,,,,
https://www.dhresource.com/0x0s/f2-albu-g6-M01-99-09-rBVaR1rAumGAH0X8AAG-eTZBelg638.jpg/bayek-assassins-creed-origins-5-pieces-hd.jpg,,,,,,,
https://rukminim1.flixcart.com/image/832/832/jhs0o7k0/laptop-skin-decal/9/4/z/bayek-assassins-creed-origins-laptop-decal-for-15-6-inch-laptop-original-imaf5q5ggykcnqgs.jpeg?q=70,,,,,,,
https://cdn3.dualshockers.com/wp-content/uploads/2019/07/Assassins-Creed-Origins-Bayek-Statue-6.jpg,,,,,,,
https://66.media.tumblr.com/b22bd654527fa678b2307017d2517f40/tumblr_pbudee4oBn1uwb7v5o3_500.jpg,,,,,,,
https://fsa.zobj.net/crop.php?r=gFblAw-lwXIDgGdH1QbDmxquBwhjbKr0xT1hgvK6E1wdif8rAY8VNjCBkZOQbHJ5SvED8vl_CdW8qTX9h3nYFvCbC_ArmhRE8zvT_WqNPcIqT6Hbjs6lHfZzBs1y7H0CFxfuq8qEgYiaPhlNm1HVVWQ98DnueZpu-s4J-NvxBUADS7NJ6yqgf_b4nE8,,,,,,,
https://pbs.twimg.com/media/DCNtzagXsAEBOIE.jpg,,,,,,,
https://www.cdkeyit.it/wp-content/uploads/assassins-creed-origins-game-thumb-2.jpg,,,,,,,
https://fsmedia.imgix.net/66/b7/e2/cb/60d4/4a23/8de0/654e4c9cbda1/assassins-creed-legacy.jpeg?auto=compress&h=1200&w=1200&crop=edges&fit=crop,,,,,,,
https://mcecentral.com/wp-content/uploads/2019/07/bayek3.jpg,,,,,,,
https://ae01.alicdn.com/kf/HTB1P4DHaRDH8KJjy1zeq6xjepXa1/US-size-Men-Assassins-Creed-Origins-Hoodies-Zipper-Jacket-Cosplay-Bayek-Assassins-Brotherhood-Thicken-Coat-Hoodie.jpg,,,,,,,
https://council.assassinscreed.com/media/cache/resolve/post_show/https://ubistatic-a.akamaihd.net/0053/ac-council/prod/post/59f0cbc795f35.jpeg,,,,,,,
https://c.na44.visual.force.com/servlet/servlet.ImageServer?id=0150M000003tVdJQAU&oid=00D30000001aepTEAQ,,,,,,,
https://live.staticflickr.com/4683/38496761124_2fa90e8e3c_b.jpg,,,,,,,
https://img9.uhdpixel.com/wp/a/2/bayek-pyramid-tomb-assassins-creed-origins-a216.jpg,,,,,,,
https://images-wixmp-ed30a86b8c4ca887773594c2.wixmp.com/f/cb026fc5-7625-40e9-93cf-19d1b117e943/dbyrn7o-82591e71-c4a7-43f2-86da-fc64bf1e730c.jpg/v1/fill/w_774,h_1032,q_70,strp/bayek___assassin_s_creed_origins_by_aranorde_dbyrn7o-pre.jpg?token=eyJ0eXAiOiJKV1QiLCJhbGciOiJIUzI1NiJ9.eyJzdWIiOiJ1cm46YXBwOjdlMGQxODg5ODIyNjQzNzNhNWYwZDQxNWVhMGQyNmUwIiwiaXNzIjoidXJuOmFwcDo3ZTBkMTg4OTgyMjY0MzczYTVmMGQ0MTVlYTBkMjZlMCIsIm9iaiI6W1t7ImhlaWdodCI6Ijw9MzY0OCIsInBhdGgiOiJcL2ZcL2NiMDI2ZmM1LTc2MjUtNDBlOS05M2NmLTE5ZDFiMTE3ZTk0M1wvZGJ5cm43by04MjU5MWU3MS1jNGE3LTQzZjItODZkYS1mYzY0YmYxZTczMGMuanBnIiwid2lkdGgiOiI8PTI3MzYifV1dLCJhdWQiOlsidXJuOnNlcnZpY2U6aW1hZ2Uub3BlcmF0aW9ucyJdfQ.N22-919Bi9vi6ry230d-GVPaQqY_a3PenSCYvrBZF14,,,,
http://secureservercdn.net/166.62.108.43/c2d.c90.myftpupload.com/wp-content/uploads/2017/04/AC-Egypt-Shot-01-1.jpg?time=1565622025,,,,,,,
https://vignette.wikia.nocookie.net/assassinscreed/images/b/b8/Abubakar_Salim.jpg/revision/latest?cb=20170612063609,,,,,,,
https://www.picclickimg.com/d/l400/pict/283160150475_/Assassins-Creed-Bayek-Fold-Out-Poster-22-x-28.jpg,,,,,,,
https://thumbs.gfycat.com/CloseConsciousDipper-size_restricted.gif,,,,,,,
https://i.pinimg.com/originals/9c/c4/79/9cc4794ceb3252572073d004fa3084df.jpg,,,,,,,
https://cdn.gamer-network.net/2018/usgamer/ac-origins-street2.png/EG11/thumbnail/1920x1080/format/jpg/quality/75/assassins-creed-origins-rooftops-analysis-bayek.jpg,,,,,,,
https://i.imgur.com/Cpo3Y22.gif,,,,,,,
https://cdnb.artstation.com/p/assets/images/images/007/108/445/large/nicolo-santoro-bayek-scscscscsc.jpg?1503744397,,,,,,,
https://i.ytimg.com/vi/Ljqkg2dfKyU/maxresdefault.jpg,,,,,,,
https://get.wallhere.com/photo/Bayek-Assassin's-creed-Origins-1324949.jpg,,,,,,,
https://sm.ign.com/t/ign_nordic/screenshot/default/assassins-creed-through-the-years_s2xy.640.png,,,,,,,
https://i1.wp.com/www.cosplaymagic.com/wp-content/uploads/2019/01/20151.jpg?fit=1600%2C2400&ssl=1,,,,,,,
https://i.ebayimg.com/images/g/IMYAAOSwWz5cQDIR/s-l300.jpg,,,,,,,
https://lookaside.fbsbx.com/lookaside/crawler/media/?media_id=1404188479659416,,,,,,,
https://c4.wallpaperflare.com/wallpaper/722/952/11/bayek-assassin-s-creed-origins-assassin-s-creed-origins-assassin-s-creed-wallpaper-preview.jpg,,,,,,,
https://a-static.besthdwallpaper.com/bayek-of-siwa-by-assassin-s-creed-wallpaper-1080x1920-2467_165.jpg,,,,,,,
https://www.gamecrate.com/sites/default/files/ACOStone21.jpg,,,,,,,
https://mcecentral.com/wp-content/uploads/2019/07/bayek4.jpg,,,,,,,
https://store.ubi.com/on/demandware.static/-/Sites-masterCatalog/default/dwc0bca30f/images/large/59c0e32eca1a64a93c38fb68-apparel-2__assassins_creed_origins_Bayek_hoodie.jpg,,,,,,,
https://images-wixmp-ed30a86b8c4ca887773594c2.wixmp.com/f/83b21ae1-3a09-4077-bc62-0a411d29ce7a/dbjjpj0-3c05c070-c375-4636-a86d-5848cc99cc8b.png/v1/fill/w_919,h_869,q_70,strp/bayek___assassins_creed_origins_fan_art_by_ryushadow22_dbjjpj0-pre.jpg?token=eyJ0eXAiOiJKV1QiLCJhbGciOiJIUzI1NiJ9.eyJzdWIiOiJ1cm46YXBwOjdlMGQxODg5ODIyNjQzNzNhNWYwZDQxNWVhMGQyNmUwIiwiaXNzIjoidXJuOmFwcDo3ZTBkMTg4OTgyMjY0MzczYTVmMGQ0MTVlYTBkMjZlMCIsIm9iaiI6W1t7ImhlaWdodCI6Ijw9OTY4IiwicGF0aCI6IlwvZlwvODNiMjFhZTEtM2EwOS00MDc3LWJjNjItMGE0MTFkMjljZTdhXC9kYmpqcGowLTNjMDVjMDcwLWMzNzUtNDYzNi1hODZkLTU4NDhjYzk5Y2M4Yi5wbmciLCJ3aWR0aCI6Ijw9MTAyNCJ9XV0sImF1ZCI6WyJ1cm46c2VydmljZTppbWFnZS5vcGVyYXRpb25zIl19.KlrM-Qj01KzwxscPcooNY2ff883kr_nXBARchzTuAU4,,,,
https://img.youtube.com/vi/5lUy2eUZyLI/maxresdefault.jpg,,,,,,,
https://66.media.tumblr.com/d36b9e6e1c6f6fad32e9964186477841/tumblr_pjrx4h6Qfa1w1hq7x_540.jpg,,,,,,,
https://rukminim1.flixcart.com/image/704/704/jv5k2a80/laptop-skin-decal/g/y/d/gwsi-5397-printed-top-only-bayek-assassins-creed-origins-gadgets-original-imafg4g8gfcjuxhj.jpeg?q=70,,,,,,,
https://assets.rockpapershotgun.com/images/2018/10/assassins-creed-bayek-4.jpg,,,,,,,
https://council.assassinscreed.com/media/cache/resolve/post_show/https://ubistatic-a.akamaihd.net/0053/ac-council/prod/post/594e82b5567c0.jpeg,,,,,,,
https://i.kinja-img.com/gawker-media/image/upload/t_original/jbxinmxawsqbh6n1hjl0.png,,,,,,,
https://cdn.shopify.com/s/files/1/0097/7810/2350/products/Bayekdetail1_300x.jpg?v=1563453676,,,,,,,
https://live.staticflickr.com/4738/38306274505_c370542710_b.jpg,,,,,,,
https://www.picclickimg.com/d/l400/pict/153365609938_/Iron-Studios-110-Bayek-Assassin%E2%80%99s-Creed-Origins.jpg,,,,,,,
https://cdn3.dualshockers.com/wp-content/uploads/2019/07/Assassins-Creed-Origins-Bayek-Statue-8.jpg,,,,,,,
https://www.creativeuncut.com/gallery-32/art/aco-bayek-and-senu-concept1.jpg,,,,,,,
https://sm.ign.com/t/ign_nordic/video/a/assassins-/assassins-creed-origins-how-to-unlock-isu-armor_uesq.640.jpg,,,,,,,
https://i.pinimg.com/736x/72/a5/ae/72a5ae83194983e2575f359b862af7bf.jpg,,,,,,,
https://thumbs.gfycat.com/DependableColdLeveret-max-1mb.gif,,,,,,,
https://cdn.jwplayer.com/thumbs/f1yxRpKk-720.jpg,,,,,,,
https://cdn.gamer-network.net/2017/usgamer/assassins-creed-origins-screen.png/EG11/thumbnail/1920x1080/format/jpg/quality/75/bayek-is-now-an-unlockable-character-in-assassins-creed-odyssey.jpg,,,,,,,
https://i.redd.it/lbw41qxktk001.jpg,,,,,,,
https://i.ebayimg.com/images/g/9vEAAOSwQcJaDhBU/s-l300.jpg,,,,,,,
https://get.wallhere.com/photo/Bayek-Assassin's-creed-Origins-1324943.jpg,,,,,,,
https://c4.wallpaperflare.com/wallpaper/609/329/301/assassin-s-creed-assassins-creed-origins-bayek-assassin-s-creed-origins-wallpaper-preview.jpg,,,,,,,
https://i.ytimg.com/vi/itH7w9LmkpA/maxresdefault.jpg,,,,,,,
https://cdnb.artstation.com/p/assets/images/images/013/476/747/large/noob-artist-img-20181017-021812.jpg?1539773107,,,,,,,
https://i.imgflip.com/20kxoo.jpg,,,,,,,
https://lookaside.fbsbx.com/lookaside/crawler/media/?media_id=1083989791701929,,,,,,,
https://66.media.tumblr.com/e26e64ffd0057750b901e81388e362f6/tumblr_ph8s2q4Q0N1qmvozro1_400.png,,,,,,,
https://img9.uhdpixel.com/wp/a/2/bayek-assassins-creed-origins-a256.jpg,,,,,,,
https://store.ubi.com/on/demandware.static/-/Sites-masterCatalog/default/dwc3b0731d/images/large/59c0e32fca1a64a93c38fbaa-collectible-1_assassins_creed_origins_bayek_bracelet.jpg.jpg,,,,,,,
https://images-wixmp-ed30a86b8c4ca887773594c2.wixmp.com/f/1883e8c4-72f0-4943-b2fb-29f1788b9d4f/dbmoek2-0bd5b27f-779e-4a84-8ea8-463ed0abef2e.jpg/v1/fill/w_790,h_1011,q_70,strp/bayek___assassin_s_creed_origins_by_argyrachersonese_dbmoek2-pre.jpg?token=eyJ0eXAiOiJKV1QiLCJhbGciOiJIUzI1NiJ9.eyJzdWIiOiJ1cm46YXBwOjdlMGQxODg5ODIyNjQzNzNhNWYwZDQxNWVhMGQyNmUwIiwiaXNzIjoidXJuOmFwcDo3ZTBkMTg4OTgyMjY0MzczYTVmMGQ0MTVlYTBkMjZlMCIsIm9iaiI6W1t7ImhlaWdodCI6Ijw9MTMxMCIsInBhdGgiOiJcL2ZcLzE4ODNlOGM0LTcyZjAtNDk0My1iMmZiLTI5ZjE3ODhiOWQ0ZlwvZGJtb2VrMi0wYmQ1YjI3Zi03NzllLTRhODQtOGVhOC00NjNlZDBhYmVmMmUuanBnIiwid2lkdGgiOiI8PTEwMjQifV1dLCJhdWQiOlsidXJuOnNlcnZpY2U6aW1hZ2Uub3BlcmF0aW9ucyJdfQ.rMAWMi1uH1yuYXd_7GcxTIGhUFefpgec0QuFHrOYBNA,,,,
https://www.picclickimg.com/d/l400/pict/202229986070_/Assassins-Creed-Origins-LootCrate-Screen-Shots-Bayek-Vinyl.jpg,,,,,,,
https://cdn3.dualshockers.com/wp-content/uploads/2018/10/Kyplits.jpg,,,,,,,
https://i.pinimg.com/originals/d6/b4/ad/d6b4ad8c943cdec97d63614fc0f9fa94.jpg,,,,,,,
https://get.wallhere.com/photo/Assassin's-Creed-Assassins-creed-origins-Bayek-1328079.jpg,,,,,,,
https://i.redd.it/6wmiha9xc6201.jpg,,,,,,,
https://i.ebayimg.com/images/g/nhwAAOSwThddEG9C/s-l300.jpg,,,,,,,
https://council.assassinscreed.com/media/cache/resolve/post_show/https://ubistatic-a.akamaihd.net/0053/ac-council/prod/post/59dd1c962c313.jpeg,,,,,,,
https://assets1.ignimgs.com/thumbs/userUploaded/2018/3/9/firstminutes-1520625361268.jpg?crop=16%3A9&width=300,,,,,,,
https://i.ytimg.com/vi/r9S7YEvMYr4/maxresdefault.jpg,,,,,,,
https://www.gamespew.com/wp-content/uploads/2018/01/Bayek-Aya-min.jpg,,,,,,,
https://vignette.wikia.nocookie.net/assassinscreed/images/c/c2/Aya_01.jpg/revision/latest/scale-to-width-down/250?cb=20171115204444,,,,,,,
https://cdn.gamer-network.net/2017/usgamer/assassins-creed-origins-dlc-hed.jpg/EG11/thumbnail/1920x1080/format/jpg/quality/75/assassins-creed-origins-season-pass-dlc-pits-bayek-against-roman-centurions-undead-mummies.jpg,,,,,,,
https://live.staticflickr.com/794/39600746520_82b2daa386_b.jpg,,,,,,,
https://cdna.artstation.com/p/assets/images/images/008/615/840/large/zhongyang-han-.jpg?1513944682,,,,,,,
https://66.media.tumblr.com/3cd7ab46748c6eebfe5887ee1f29045e/tumblr_p8rknsUuIo1sgy2zyo1_400.jpg,,,,,,,
https://thumbs.gfycat.com/InfatuatedPertinentGerbil-size_restricted.gif,,,,,,,
https://lookaside.fbsbx.com/lookaside/crawler/media/?media_id=1446724562072474,,,,,,,
https://www.picclickimg.com/d/l400/pict/254099656376_/Assassins-Creed-Origins-Bayek-Figpin-GameStop-Pre-Order-Exclusive.jpg,,,,,,,
https://i.ebayimg.com/images/g/Fd0AAOSwBYFazfCK/s-l300.jpg,,,,,,,
https://images-wixmp-ed30a86b8c4ca887773594c2.wixmp.com/f/02524722-0613-4c68-b69e-3439198fe41b/dbhprur-e9ac7cc6-125e-4b29-be72-b45485981def.jpg?token=eyJ0eXAiOiJKV1QiLCJhbGciOiJIUzI1NiJ9.eyJzdWIiOiJ1cm46YXBwOjdlMGQxODg5ODIyNjQzNzNhNWYwZDQxNWVhMGQyNmUwIiwiaXNzIjoidXJuOmFwcDo3ZTBkMTg4OTgyMjY0MzczYTVmMGQ0MTVlYTBkMjZlMCIsIm9iaiI6W1t7InBhdGgiOiJcL2ZcLzAyNTI0NzIyLTA2MTMtNGM2OC1iNjllLTM0MzkxOThmZTQxYlwvZGJocHJ1ci1lOWFjN2NjNi0xMjVlLTRiMjktYmU3Mi1iNDU0ODU5ODFkZWYuanBnIn1dXSwiYXVkIjpbInVybjpzZXJ2aWNlOmZpbGUuZG93bmxvYWQiXX0.ANwXQRd7W380X-LS3lVVhNYNrWj5PEmiVaJBM_oZPjA,,,,,,,
https://c.na44.visual.force.com/servlet/servlet.ImageServer?id=0150M000003tSzEQAU&oid=00D30000001aepTEAQ,,,,,,,
https://sm.ign.com/t/ign_nordic/video/a/assassins-/assassins-creed-origins-the-setting-sun-quest-hidden-ones-dl_jhpy.640.jpg,,,,,,,
https://get.wallhere.com/photo/Assassin's-creed-Origins-Egypt-video-games-Bayek-Assassin's-Creed-1226720.jpg,,,,,,,
https://i.ytimg.com/vi/oQM9LlLKhXA/maxresdefault.jpg,,,,,,,
https://i.pinimg.com/originals/8c/40/db/8c40db56cef8c3cab9aef2bb5b7c14d1.jpg,,,,,,,
https://66.media.tumblr.com/52c8c00878dd0b7482e16f5439642bf0/tumblr_p584e74f0f1v5r7sio1_1280.jpg,,,,,,,
https://council.assassinscreed.com/media/cache/resolve/post_show/https://ubistatic-a.akamaihd.net/0053/ac-council/prod/post/5a1daeff70726.jpeg,,,,,,,
https://vignette.wikia.nocookie.net/assassinscreed/images/8/88/ACReb_The_Mask_of_the_Ibis_promo.jpg/revision/latest?cb=20190403120201,,,,,,,
https://i.imgur.com/ip9dIce.png,,,,,,,
https://thumbs.gfycat.com/TornOffensiveIcelandichorse-size_restricted.gif,,,,,,,
https://cdn.gamer-network.net/2017/usgamer/assassins-creed-origins-centurion-dlc.jpg,,,,,,,
https://www.picclickimg.com/d/l400/pict/264025718403_/Assassins-Creed-Origins-Bayek-Statue-Ubisoft-original-figure.jpg,,,,,,,
https://lookaside.fbsbx.com/lookaside/crawler/media/?media_id=1451716931573237,,,,,,,
https://i.ebayimg.com/images/g/XSUAAOSwnlFaXU84/s-l300.jpg,,,,,,,
https://sm.ign.com/t/ign_nordic/video/t/the-histor/the-history-behind-assassins-creed-origins_7p7g.640.jpg,,,,,,,
https://i.ytimg.com/vi/Clu2UPwgveg/maxresdefault.jpg,,,,,,,
https://store.ubi.com/on/demandware.static/-/Sites-masterCatalog/default/dwb648581c/images/large/59396dac0c8ee49d1b8b4568-apparel-1_Assassin_Origins_Bayek_Shield_hoodie.jpg,,,,,,,
https://images-wixmp-ed30a86b8c4ca887773594c2.wixmp.com/f/84478ec5-ba23-4d02-9aa1-a172596b9792/dbcvzo6-3fcae4ac-598c-4e3c-a425-60a300a26d29.jpg?token=eyJ0eXAiOiJKV1QiLCJhbGciOiJIUzI1NiJ9.eyJzdWIiOiJ1cm46YXBwOjdlMGQxODg5ODIyNjQzNzNhNWYwZDQxNWVhMGQyNmUwIiwiaXNzIjoidXJuOmFwcDo3ZTBkMTg4OTgyMjY0MzczYTVmMGQ0MTVlYTBkMjZlMCIsIm9iaiI6W1t7InBhdGgiOiJcL2ZcLzg0NDc4ZWM1LWJhMjMtNGQwMi05YWExLWExNzI1OTZiOTc5MlwvZGJjdnpvNi0zZmNhZTRhYy01OThjLTRlM2MtYTQyNS02MGEzMDBhMjZkMjkuanBnIn1dXSwiYXVkIjpbInVybjpzZXJ2aWNlOmZpbGUuZG93bmxvYWQiXX0.i2JsDMj2z8YU-KSs5PWa7kg_YeOO_Rs8YMDKkDszG5U,,,,,,,
https://thumbs.gfycat.com/DimFarawayJellyfish-size_restricted.gif,,,,,,,
https://66.media.tumblr.com/a13a17ecdc8dcf1752d42d73af0733b9/tumblr_inline_orjt7sssjs1qf1n3s_540.gif,,,,,,,
https://lookaside.fbsbx.com/lookaside/crawler/media/?media_id=10155473801577950,,,,,,,
https://cdn.gamer-network.net/2017/usgamer/AC-Origins-Lore-Miles-Shot-01.jpg,,,,,,,
https://i.ytimg.com/vi/G-g48FMG_mY/hqdefault.jpg,,,,,,,
https://i.ebayimg.com/images/g/aekAAOSwSuNaY9Me/s-l300.jpg,,,,,,,
https://sm.ign.com/t/ign_nordic/video/a/assassins-/assassins-creed-origins-graphics-comparison-xbox-one-x-vs-ps_hsqt.640.png,,,,,,,
https://66.media.tumblr.com/97ccc69a3630226b30d48e1fa6810cba/tumblr_oz5xaaRs0q1rpd9dfo2_500.gif,,,,,,,
https://thumbs.gfycat.com/InsistentNaiveAllensbigearedbat-size_restricted.gif,,,,,,,
https://i.ebayimg.com/images/g/4KcAAOSwpttcmDkt/s-l300.jpg,,,,,,,
https://i.ytimg.com/vi/xWISgCd9mWw/maxresdefault.jpg,,,,,,,
https://lookaside.fbsbx.com/lookaside/crawler/media/?media_id=1089898801152789,,,,,,,
https://66.media.tumblr.com/9e4f69506f0e8186e1313a014cfedfd5/tumblr_orhynkEpO21qcy62fo1_500.gif,,,,,,,
https://thumbs.gfycat.com/MeaslyGiddyDrongo-size_restricted.gif,,,,,,,
